City_ID,City,Country,Date,Lat,Lng,Max Temp,Humidity,Cloudiness,Wind Speed
0,Cabo San Lucas,MX,2021-08-15 22:20:27,22.8909,-109.9124,93.61,62,20,9.22
1,Kruisfontein,ZA,2021-08-15 22:21:22,-34.0033,24.7314,53.42,64,0,5.61
2,Rikitea,PF,2021-08-15 22:21:22,-23.1203,-134.9692,74.73,74,0,12.35
3,Kahului,US,2021-08-15 22:21:22,20.8947,-156.47,86.02,70,40,20.71
4,Pisco,PE,2021-08-15 22:21:23,-13.7,-76.2167,64.45,77,0,9.22
5,Faanui,PF,2021-08-15 22:21:23,-16.4833,-151.75,78.96,73,10,11.56
6,Punta Arenas,CL,2021-08-15 22:17:27,-53.15,-70.9167,41.11,93,75,8.05
7,Saskylakh,RU,2021-08-15 22:21:23,71.9167,114.0833,48.33,70,71,7.67
8,Kaitangata,NZ,2021-08-15 22:21:24,-46.2817,169.8464,47.48,73,100,6.93
9,Yellowknife,CA,2021-08-15 22:21:24,62.456,-114.3525,63.12,63,75,19.57
10,Ribeira Grande,PT,2021-08-15 22:21:24,38.5167,-28.7,73.02,82,93,3.49
11,Bluff,NZ,2021-08-15 22:21:25,-46.6,168.3333,54.81,68,99,17.87
12,Laguna,US,2021-08-15 22:17:45,38.421,-121.4238,101.88,31,1,6.91
13,Hobyo,SO,2021-08-15 22:21:25,5.3505,48.5268,76.89,83,44,24.36
14,Butaritari,KI,2021-08-15 22:21:25,3.0707,172.7902,82.96,73,26,9.73
15,Tuatapere,NZ,2021-08-15 22:21:26,-46.1333,167.6833,54.82,78,99,9.08
16,Ushuaia,AR,2021-08-15 22:21:26,-54.8,-68.3,46.06,66,40,9.22
17,Fortuna,US,2021-08-15 22:21:27,40.5982,-124.1573,70.93,75,75,5.99
18,Samarai,PG,2021-08-15 22:21:27,-10.6167,150.6667,78.62,84,48,13.8
19,Jamestown,US,2021-08-15 22:21:27,42.097,-79.2353,74.84,49,1,3.44
20,Half Moon Bay,US,2021-08-15 22:16:57,37.4636,-122.4286,97.92,70,40,10.36
21,Roma,US,2021-08-15 22:18:12,43.2128,-75.4557,75.06,55,1,5.75
22,Dikson,RU,2021-08-15 22:21:28,73.5069,80.5464,45.86,100,100,11.68
23,Beira,MZ,2021-08-15 22:21:28,-19.8436,34.8389,67.93,77,1,8.16
24,Santa Vitoria Do Palmar,BR,2021-08-15 22:21:29,-33.5189,-53.3681,55.69,94,26,4.34
25,Ancud,CL,2021-08-15 22:21:29,-41.8697,-73.8203,50.23,91,100,20.96
26,Mehran,IR,2021-08-15 22:21:29,33.1222,46.1646,85.48,18,0,10.65
27,Mar Del Plata,AR,2021-08-15 22:19:46,-38.0023,-57.5575,48.22,100,90,6.91
28,Puerto Suarez,BO,2021-08-15 22:21:30,-18.95,-57.8,82.2,29,0,3.11
29,Puerto Ayora,EC,2021-08-15 22:21:30,-0.7393,-90.3518,76.96,89,89,5.99
30,Seoul,KR,2021-08-15 22:17:12,37.5683,126.9778,76.44,64,0,9.22
31,Alim,PH,2021-08-15 22:21:31,9.5649,122.4876,79.05,81,100,3.09
32,Rawson,AR,2021-08-15 22:21:31,-43.3002,-65.1023,61.36,24,99,18.43
33,Cape Town,ZA,2021-08-15 22:20:01,-33.9258,18.4232,56.12,87,0,4.61
34,Saldanha,ZA,2021-08-15 22:21:31,-33.0117,17.9442,53.65,61,15,10.78
35,Truth Or Consequences,US,2021-08-15 22:17:00,33.1284,-107.2528,82.63,47,1,0.0
36,Saint George,US,2021-08-15 22:21:32,37.1041,-113.5841,106.63,20,1,8.99
37,Dahanu,IN,2021-08-15 22:21:32,19.9667,72.7333,80.4,80,95,6.13
38,Portland,US,2021-08-15 22:20:07,45.5234,-122.6762,99.39,33,40,1.01
39,Nikolskoye,RU,2021-08-15 22:21:33,59.7035,30.7861,60.03,80,31,10.09
40,Kaeo,NZ,2021-08-15 22:21:33,-35.1,173.7833,55.09,68,11,4.03
41,Provideniya,RU,2021-08-15 22:21:33,64.3833,-173.3,44.71,81,90,13.42
42,Jining,CN,2021-08-15 22:21:34,35.405,116.5814,69.08,92,2,3.29
43,Ahipara,NZ,2021-08-15 22:21:34,-35.1667,173.1667,55.62,70,14,5.93
44,Reconquista,AR,2021-08-15 22:21:34,-29.15,-59.65,61.77,46,26,5.95
45,Yerbogachen,RU,2021-08-15 22:21:35,61.2767,108.0108,56.41,88,96,11.68
46,Atuona,PF,2021-08-15 22:21:35,-9.8,-139.0333,77.83,68,30,16.78
47,Ust-Nera,RU,2021-08-15 22:21:35,64.5667,143.2,61.59,82,93,9.44
48,Hobart,AU,2021-08-15 22:21:36,-42.8794,147.3294,43.05,86,75,3.0
49,Hithadhoo,MV,2021-08-15 22:21:36,-0.6,73.0833,82.78,71,100,15.86
50,Airai,TL,2021-08-15 22:21:36,-8.9266,125.4092,57.31,84,20,3.58
51,Zapolyarnyy,RU,2021-08-15 22:21:37,69.4154,30.8136,43.88,84,100,14.72
52,Egvekinot,RU,2021-08-15 22:21:37,66.3167,-179.1667,46.53,62,81,4.99
53,Beringovskiy,RU,2021-08-15 22:21:37,63.05,179.3167,45.72,90,100,7.99
54,Westport,US,2021-08-15 22:18:29,41.1415,-73.3579,82.09,54,1,4.0
55,Kazachinskoye,RU,2021-08-15 22:21:38,57.6953,93.2761,56.37,87,96,4.59
56,Dodoma,TZ,2021-08-15 22:21:38,-6.1722,35.7395,63.27,62,43,5.99
57,Tamiami,US,2021-08-15 22:20:17,25.7587,-80.3984,87.01,81,90,1.01
58,East London,ZA,2021-08-15 22:21:39,-33.0153,27.9116,59.23,71,0,8.86
59,Prince Rupert,CA,2021-08-15 22:20:48,54.3161,-130.3201,60.89,74,40,9.22
60,Port Alfred,ZA,2021-08-15 22:21:39,-33.5906,26.891,59.31,75,0,13.15
61,Vanimo,PG,2021-08-15 22:21:40,-2.6741,141.3028,79.0,81,77,4.79
62,Yinchuan,CN,2021-08-15 22:21:40,38.4681,106.2731,71.85,56,99,6.4
63,Fort-Shevchenko,KZ,2021-08-15 22:21:40,44.5086,50.263,79.09,58,1,0.22
64,Cayenne,GF,2021-08-15 22:16:41,4.9333,-52.3333,78.1,85,0,1.01
65,Mataura,NZ,2021-08-15 22:21:41,-46.1927,168.8643,54.48,77,100,5.26
66,Kodiak,US,2021-08-15 22:21:41,57.79,-152.4072,63.91,48,1,18.41
67,Saint-Joseph,RE,2021-08-15 22:21:41,-21.3667,55.6167,61.18,77,67,12.82
68,La Palma,US,2021-08-15 22:21:42,33.8464,-118.0467,110.8,50,1,5.01
69,Lagoa,PT,2021-08-15 22:21:42,39.05,-27.9833,71.42,79,99,8.01
70,Lata,PT,2021-08-15 22:21:42,40.1629,-8.3327,62.82,95,0,2.04
71,Palana,RU,2021-08-15 22:21:43,59.1167,159.9667,50.07,94,100,11.72
72,Hermanus,ZA,2021-08-15 22:21:43,-34.4187,19.2345,55.9,78,17,7.54
73,Minot,US,2021-08-15 22:21:44,48.2325,-101.2963,103.19,11,1,3.0
74,Saint-Pierre,RE,2021-08-15 22:21:44,-21.3393,55.4781,62.28,67,75,4.61
75,Kapaa,US,2021-08-15 22:21:44,22.0752,-159.319,86.32,67,20,3.0
76,Vaini,TO,2021-08-15 22:21:45,-21.2,-175.2,71.76,73,75,10.36
77,Pacific Grove,US,2021-08-15 22:18:56,36.6177,-121.9166,99.61,83,40,4.0
78,Albany,US,2021-08-15 22:17:26,42.6001,-73.9662,76.8,60,100,1.99
79,Algiers,DZ,2021-08-15 22:17:34,36.7525,3.042,76.82,94,0,1.14
80,The Valley,AI,2021-08-15 22:21:45,18.217,-63.0578,84.06,83,40,12.66
81,Aklavik,CA,2021-08-15 22:21:46,68.2191,-135.0107,58.03,49,100,8.97
82,Sao Sebastiao,BR,2021-08-15 22:21:46,-23.76,-45.4097,67.1,93,59,7.9
83,Barrow,US,2021-08-15 22:21:46,71.2906,-156.7887,35.62,80,90,20.71
84,Jalu,LY,2021-08-15 22:21:47,29.0331,21.5482,85.51,26,0,19.77
85,Port Elizabeth,ZA,2021-08-15 22:21:47,-33.918,25.5701,57.49,88,0,8.05
86,Hasaki,JP,2021-08-15 22:21:47,35.7333,140.8333,70.2,84,100,14.14
87,Kalabo,ZM,2021-08-15 22:21:48,-14.97,22.6814,62.22,33,0,6.58
88,New Norfolk,AU,2021-08-15 22:21:48,-42.7826,147.0587,42.71,86,100,1.99
89,Pierre,US,2021-08-15 22:21:48,44.3683,-100.351,99.52,23,1,18.41
90,Bathsheba,BB,2021-08-15 22:21:49,13.2167,-59.5167,83.01,78,20,13.8
91,Te Anau,NZ,2021-08-15 22:21:49,-45.4167,167.7167,46.02,88,85,12.68
92,Sugod,PH,2021-08-15 22:21:49,12.987,124.0805,80.78,80,99,3.24
93,Qasigiannguit,GL,2021-08-15 22:21:50,68.8193,-51.1922,44.85,88,95,8.5
94,Lompoc,US,2021-08-15 22:18:56,34.6391,-120.4579,91.02,76,1,14.97
95,Puerto Baquerizo Moreno,EC,2021-08-15 22:21:50,-0.9,-89.6,72.59,83,75,16.11
96,Shimoda,JP,2021-08-15 22:21:51,34.6667,138.95,71.67,93,100,15.43
97,Colomiers,FR,2021-08-15 22:21:51,43.6167,1.35,71.71,83,90,11.5
98,Klaksvik,FO,2021-08-15 22:21:51,62.2266,-6.589,49.12,74,25,7.9
99,Carnarvon,AU,2021-08-15 22:21:52,-24.8667,113.6333,59.07,59,90,4.61
100,Fallon,US,2021-08-15 22:21:52,39.4735,-118.7774,100.45,10,75,5.75
101,Victoria,HK,2021-08-15 22:17:11,22.2855,114.1577,81.32,84,54,4.12
102,Sangar,RU,2021-08-15 22:21:53,63.9242,127.4739,53.65,78,86,4.56
103,Rizhao,CN,2021-08-15 22:21:53,35.4275,119.4553,72.46,91,94,4.12
104,Darhan,MN,2021-08-15 22:21:53,49.4867,105.9228,64.15,75,99,3.6
105,Tuktoyaktuk,CA,2021-08-15 22:21:54,69.4541,-133.0374,57.2,58,75,17.27
106,Dunedin,NZ,2021-08-15 22:17:38,-45.8742,170.5036,54.81,41,88,15.99
107,Tangshan,CN,2021-08-15 22:21:54,39.6333,118.1833,67.71,90,78,2.53
108,San Patricio,US,2021-08-15 22:21:55,28.017,-97.5169,95.72,49,54,15.39
109,Alofi,NU,2021-08-15 22:21:55,-19.0595,-169.9187,75.09,78,99,17.27
110,Ambrolauri,GE,2021-08-15 22:21:55,42.5211,43.1622,63.3,96,88,1.19
111,Georgetown,MY,2021-08-15 22:19:39,5.4112,100.3354,79.9,88,20,1.01
112,Langres,FR,2021-08-15 22:21:56,47.8333,5.3333,74.25,74,16,9.15
113,Bambous Virieux,MU,2021-08-15 22:21:56,-20.3428,57.7575,68.25,73,40,12.66
114,Barra Patuca,HN,2021-08-15 22:21:57,15.8,-84.2833,84.78,66,55,11.68
115,Mutoko,ZW,2021-08-15 22:21:57,-17.397,32.2268,48.61,89,0,3.85
116,Castro,BR,2021-08-15 22:21:57,-24.7911,-50.0119,59.13,85,23,1.5
117,Chokurdakh,RU,2021-08-15 22:21:58,70.6333,147.9167,42.87,63,65,8.28
118,Rafai,CF,2021-08-15 22:21:58,4.95,23.9167,67.15,98,78,1.92
119,Busselton,AU,2021-08-15 22:21:58,-33.65,115.3333,53.04,69,0,10.54
120,Kimbe,PG,2021-08-15 22:21:58,-5.5502,150.1429,79.52,83,54,2.91
121,Husavik,IS,2021-08-15 22:21:59,66.0449,-17.3389,55.31,84,30,4.52
122,Khatanga,RU,2021-08-15 22:21:59,71.9667,102.5,56.59,58,98,14.16
123,Laela,TZ,2021-08-15 22:21:59,-8.5667,32.05,59.25,61,50,2.66
124,Hartlepool,GB,2021-08-15 22:22:00,54.6861,-1.2125,57.43,74,80,15.52
125,Bethel,US,2021-08-15 22:22:00,41.3712,-73.414,80.49,55,1,5.75
126,Codrington,AU,2021-08-15 22:22:01,-38.2667,141.9667,51.93,67,66,20.18
127,Chiradzulu,MW,2021-08-15 22:22:01,-15.6746,35.1407,54.39,91,46,6.58
128,Naze,JP,2021-08-15 22:22:01,28.3667,129.4833,79.72,85,100,10.04
129,Bredasdorp,ZA,2021-08-15 22:22:02,-34.5322,20.0403,54.28,93,64,0.0
130,San Rafael,AR,2021-08-15 22:20:41,-34.6177,-68.3301,60.62,21,90,6.26
131,Lavrentiya,RU,2021-08-15 22:22:02,65.5833,-171.0,41.88,89,100,5.7
132,Longyearbyen,SJ,2021-08-15 22:22:02,78.2186,15.6401,39.04,75,75,6.91
133,Avera,US,2021-08-15 22:22:03,33.194,-82.5271,86.76,66,100,8.3
134,North Platte,US,2021-08-15 22:18:03,41.1239,-100.7654,90.01,48,1,4.0
135,Maniitsoq,GL,2021-08-15 22:22:03,65.4167,-52.9,45.72,96,100,4.52
136,Qaanaaq,GL,2021-08-15 22:22:04,77.484,-69.3632,38.34,99,100,5.55
137,Mandalgovi,MN,2021-08-15 22:22:04,45.7625,106.2708,62.42,59,54,8.08
138,Lebu,CL,2021-08-15 22:22:04,-37.6167,-73.65,49.91,91,100,25.46
139,Asau,RO,2021-08-15 22:22:05,46.4333,26.4,67.95,81,9,4.23
140,Nsanje,MW,2021-08-15 22:22:05,-16.92,35.262,66.7,81,87,4.45
141,Thompson,CA,2021-08-15 22:22:05,55.7435,-97.8558,77.16,38,40,18.41
142,Saint-Philippe,RE,2021-08-15 22:22:05,-21.3585,55.7679,62.19,79,81,12.8
143,Ketchikan,US,2021-08-15 22:18:19,55.3422,-131.6461,63.07,59,90,11.5
144,Znamenskoye,RU,2021-08-15 22:22:06,57.1281,73.8282,60.1,81,100,4.05
145,Longonjo,AO,2021-08-15 22:22:06,-12.9067,15.2533,65.44,28,15,2.04
146,Fabiansebestyen,HU,2021-08-15 22:22:07,46.6833,20.4667,82.76,46,94,7.14
147,Arlit,NE,2021-08-15 22:22:07,18.7369,7.3853,95.83,22,93,4.79
148,Brasilia,BR,2021-08-15 22:22:07,-15.7797,-47.9297,77.92,29,0,8.05
149,Leshukonskoye,RU,2021-08-15 22:22:08,64.8989,45.7622,56.91,91,97,9.98
150,Camabatela,AO,2021-08-15 22:22:08,-8.1881,15.375,65.07,84,64,5.08
151,Linxia,CN,2021-08-15 22:22:08,35.6003,103.2064,57.6,89,48,2.64
152,Tasiilaq,GL,2021-08-15 22:22:09,65.6145,-37.6368,51.96,68,88,4.27
153,Misratah,LY,2021-08-15 22:22:09,32.3754,15.0925,82.2,65,0,7.38
154,Jhang,PK,2021-08-15 22:21:22,33.6748,72.6963,75.61,72,1,4.21
155,Pangody,RU,2021-08-15 22:22:10,65.85,74.4859,49.78,88,47,13.04
156,Zhanaozen,KZ,2021-08-15 22:22:10,43.3,52.8,76.6,19,0,9.75
157,Toribio,CO,2021-08-15 22:22:10,2.9548,-76.2684,72.86,88,97,0.87
158,Hamilton,US,2021-08-15 22:22:11,39.1834,-84.5333,77.74,71,90,1.01
159,Boyuibe,BO,2021-08-15 22:22:11,-20.4167,-63.2833,73.31,34,38,3.49
160,Cervo,ES,2021-08-15 22:22:11,43.6702,-7.4101,63.97,79,37,4.09
161,Tyup,KG,2021-08-15 22:22:12,42.7276,78.3648,46.99,85,89,5.3
162,Arraial Do Cabo,BR,2021-08-15 22:22:12,-22.9661,-42.0278,68.74,79,1,14.99
163,Altay,CN,2021-08-15 22:22:13,47.8667,88.1167,59.41,63,93,3.47
164,Orapa,BW,2021-08-15 22:22:13,-21.2833,25.3667,60.03,57,0,14.52
165,Hilo,US,2021-08-15 22:22:13,19.7297,-155.09,82.13,71,1,6.91
166,Cap Malheureux,MU,2021-08-15 22:22:14,-19.9842,57.6142,68.49,75,75,1.99
167,Palmer,US,2021-08-15 22:22:14,42.1584,-72.3287,81.03,50,40,4.61
168,Erenhot,CN,2021-08-15 22:22:14,43.6475,111.9767,69.28,57,0,8.68
169,Mont-De-Marsan,FR,2021-08-15 22:22:15,44.0,-0.6667,66.02,88,90,5.75
170,Padang,ID,2021-08-15 22:22:15,-0.9492,100.3543,76.95,86,99,3.33
171,Sioux Lookout,CA,2021-08-15 22:22:15,50.1001,-91.917,88.18,45,75,12.66
172,Pangnirtung,CA,2021-08-15 22:22:16,66.1451,-65.7125,47.62,79,82,2.08
173,Ponta Delgada,PT,2021-08-15 22:22:16,37.7333,-25.6667,74.12,88,40,4.61
174,Haines Junction,CA,2021-08-15 22:22:16,60.7522,-137.5108,60.75,48,72,5.75
175,Vallenar,CL,2021-08-15 22:22:17,-28.5708,-70.7581,66.13,39,98,4.41
176,Esperance,AU,2021-08-15 22:22:17,-33.8667,121.9,48.52,88,0,8.57
177,Akdepe,TM,2021-08-15 22:22:17,42.0551,59.3788,66.29,26,0,9.46
178,Fairbanks,US,2021-08-15 22:22:18,64.8378,-147.7164,51.8,92,90,1.01
179,Severo-Kurilsk,RU,2021-08-15 22:22:18,50.6789,156.125,56.73,84,26,13.33
180,Sao Jose Da Coroa Grande,BR,2021-08-15 22:22:18,-8.8978,-35.1478,73.65,74,49,10.33
181,Kachiry,KZ,2021-08-15 22:22:19,53.0675,76.1036,61.43,69,3,3.87
182,Kavieng,PG,2021-08-15 22:22:19,-2.5744,150.7967,82.99,74,96,10.31
183,Pevek,RU,2021-08-15 22:22:19,69.7008,170.3133,32.77,98,100,3.78
184,Rio Gallegos,AR,2021-08-15 22:22:20,-51.6226,-69.2181,44.65,76,0,3.44
185,Cape Girardeau,US,2021-08-15 22:22:20,37.3834,-89.7168,81.99,67,52,9.73
186,Namibe,AO,2021-08-15 22:22:20,-15.1961,12.1522,65.55,92,15,6.98
187,Pergamino,AR,2021-08-15 22:22:21,-33.89,-60.5736,55.18,63,21,6.06
188,Mayo,US,2021-08-15 22:22:21,38.8876,-76.5119,84.11,62,75,3.0
189,Seymchan,RU,2021-08-15 22:22:21,62.8833,152.4333,54.68,65,80,3.78
190,Lubu,CN,2021-08-15 22:22:22,23.1742,112.2809,76.8,97,100,1.39
191,Amga,RU,2021-08-15 22:22:22,60.8953,131.9608,65.89,89,96,1.83
192,Posse,BR,2021-08-15 22:22:22,-14.0931,-46.3694,75.56,27,3,5.46
193,Panaba,MX,2021-08-15 22:22:23,21.2833,-88.2667,81.01,78,98,8.81
194,Fukue,JP,2021-08-15 22:22:23,32.6881,128.8419,73.33,94,100,11.65
195,Bilibino,RU,2021-08-15 22:22:23,68.0546,166.4372,41.13,91,100,2.28
196,Upernavik,GL,2021-08-15 22:22:24,72.7868,-56.1549,42.21,96,100,6.26
197,Buraydah,SA,2021-08-15 22:22:24,26.326,43.975,93.65,18,0,8.32
198,Iqaluit,CA,2021-08-15 22:22:25,63.7506,-68.5145,46.13,87,90,3.44
199,Cherskiy,RU,2021-08-15 22:22:25,68.75,161.3,42.75,91,100,1.23
200,Guiratinga,BR,2021-08-15 22:22:25,-16.3494,-53.7583,81.91,23,5,0.87
201,Makueni,KE,2021-08-15 22:22:26,-1.8041,37.6203,61.0,85,59,6.17
202,Kirkkonummi,FI,2021-08-15 22:22:26,60.1238,24.4385,58.1,93,29,13.02
203,Zelenoborsk,RU,2021-08-15 22:22:26,61.4669,64.0333,57.16,77,5,3.85
204,Clyde River,CA,2021-08-15 22:22:27,70.4692,-68.5914,44.96,78,95,1.63
205,Dingle,PH,2021-08-15 22:22:27,10.9995,122.6711,75.67,88,71,4.61
206,Sobolevo,RU,2021-08-15 22:22:27,54.4299,31.8996,61.86,77,51,5.93
207,Lorengau,PG,2021-08-15 22:22:28,-2.0226,147.2712,81.63,80,85,5.75
208,Dolores,AR,2021-08-15 22:22:28,-36.3132,-57.6792,50.32,90,47,6.46
209,Presidencia Roque Saenz Pena,AR,2021-08-15 22:22:28,-26.7852,-60.4388,66.15,47,1,4.83
210,Jamsa,FI,2021-08-15 22:22:29,61.8642,25.19,55.15,98,84,6.26
211,Texarkana,US,2021-08-15 22:22:07,33.4251,-94.0477,88.02,62,1,5.99
212,Macklin,CA,2021-08-15 22:22:29,52.3334,-109.9348,86.34,20,67,14.43
213,Rudbar,AF,2021-08-15 22:22:30,30.15,62.6,79.25,18,0,9.24
214,Neiafu,TO,2021-08-15 22:22:30,-18.65,-173.9833,75.88,50,20,8.05
215,Banda Aceh,ID,2021-08-15 22:22:30,5.5577,95.3222,78.62,77,100,9.04
216,Atyrau,KZ,2021-08-15 22:22:31,47.1167,51.8833,68.02,30,0,11.18
217,San Quintin,MX,2021-08-15 22:22:31,30.4833,-115.95,75.2,72,17,10.78
218,Olinda,BR,2021-08-15 22:22:31,-8.0089,-34.8553,74.93,64,40,11.5
219,Sao Joao Da Barra,BR,2021-08-15 22:22:32,-21.6403,-41.0511,69.53,77,91,9.04
220,Alpoyeca,MX,2021-08-15 22:22:32,17.6667,-98.5167,86.67,47,13,3.33
221,Tilichiki,RU,2021-08-15 22:22:32,60.4667,166.1,55.67,78,95,6.08
222,San Miguel,SV,2021-08-15 22:22:33,13.4833,-88.1833,89.26,66,20,0.0
223,Barcelos,PT,2021-08-15 22:22:33,41.5388,-8.6151,72.28,76,0,5.46
224,Amapa,BR,2021-08-15 22:22:34,1.0,-52.0,75.0,91,100,1.57
225,Tucuman,AR,2021-08-15 22:22:34,-26.8241,-65.2226,69.8,24,0,6.91
226,Grindavik,IS,2021-08-15 22:22:34,63.8424,-22.4338,51.75,100,90,10.36
227,Tame,CO,2021-08-15 22:22:35,6.461,-71.73,77.09,90,84,1.54
228,Sayyan,YE,2021-08-15 22:22:35,15.1718,44.3244,66.0,52,98,2.06
229,Stornoway,GB,2021-08-15 22:22:35,58.2093,-6.3865,55.92,93,75,3.44
230,Buin,CL,2021-08-15 22:22:36,-33.7333,-70.75,52.12,68,100,2.86
231,Yulara,AU,2021-08-15 22:22:36,-25.2406,130.9889,46.24,49,4,5.75
232,Denpasar,ID,2021-08-15 22:19:36,-8.65,115.2167,76.66,94,20,8.05
233,Avarua,CK,2021-08-15 22:22:37,-21.2078,-159.775,75.25,73,75,11.5
234,Geraldton,AU,2021-08-15 22:22:37,-28.7667,114.6,55.81,47,0,18.41
235,Port Macquarie,AU,2021-08-15 22:22:37,-31.4333,152.9167,53.56,55,14,4.59
236,Rosetta,EG,2021-08-15 22:22:38,31.4044,30.4164,80.42,71,0,11.23
237,Tigil,RU,2021-08-15 22:22:38,57.8,158.6667,59.65,79,93,12.93
238,Sistranda,NO,2021-08-15 22:22:38,63.7256,8.834,54.9,81,100,7.74
239,Coihaique,CL,2021-08-15 22:20:24,-45.5752,-72.0662,45.21,87,90,3.44
240,Almeirim,BR,2021-08-15 22:22:39,-1.5233,-52.5817,79.77,72,52,3.04
241,Adrar,MR,2021-08-15 22:22:39,20.5022,-10.0711,97.23,14,50,16.04
242,Gaimersheim,DE,2021-08-15 22:22:39,48.807,11.368,67.39,92,75,6.49
243,Okhotsk,RU,2021-08-15 22:22:40,59.3833,143.3,60.93,90,84,3.6
244,Kavaratti,IN,2021-08-15 22:22:40,10.5669,72.642,80.71,80,96,17.69
245,Mayor Pablo Lagerenza,PY,2021-08-15 22:22:41,-19.9309,-60.7718,77.76,27,3,4.16
246,Nome,US,2021-08-15 22:22:41,64.5011,-165.4064,50.07,87,90,4.61
247,Nabire,ID,2021-08-15 22:22:41,-3.3667,135.4833,75.43,90,73,2.86
248,Haimen,CN,2021-08-15 22:22:42,23.1935,116.6142,76.89,91,1,4.27
249,Magaria,NE,2021-08-15 22:22:42,12.9983,8.9099,81.12,68,99,6.67
250,Nuevitas,CU,2021-08-15 22:22:42,21.5453,-77.2644,85.44,73,98,9.04
251,Mareeba,AU,2021-08-15 22:22:43,-17.0,145.4333,69.44,83,10,3.49
252,Nong Chik,TH,2021-08-15 22:22:43,6.8436,101.178,77.77,84,100,2.33
253,Chuy,UY,2021-08-15 22:22:44,-33.6971,-53.4616,54.72,96,29,4.32
254,Mopipi,BW,2021-08-15 22:22:44,-21.1833,24.8833,61.56,55,0,13.62
255,Ridgecrest,US,2021-08-15 22:22:44,35.6225,-117.6709,111.06,10,1,5.75
256,Mahebourg,MU,2021-08-15 22:22:45,-20.4081,57.7,68.29,73,40,12.66
257,Bongandanga,CD,2021-08-15 22:22:45,1.5,21.05,71.06,90,26,2.77
258,Puerto Madryn,AR,2021-08-15 22:22:45,-42.7692,-65.0385,61.43,27,97,22.32
259,Serov,RU,2021-08-15 22:22:46,59.6033,60.5787,56.35,76,14,3.2
260,Moose Factory,CA,2021-08-15 22:22:46,51.2585,-80.6094,78.8,50,75,12.66
261,Ilulissat,GL,2021-08-15 22:22:46,69.2167,-51.1,44.62,87,75,6.91
262,Tiksi,RU,2021-08-15 22:22:47,71.6872,128.8694,41.65,87,13,6.04
263,Fort Nelson,CA,2021-08-15 22:22:47,58.8053,-122.7002,62.19,72,75,4.61
264,Praia Da Vitoria,PT,2021-08-15 22:22:47,38.7333,-27.0667,73.76,83,75,5.5
265,Tucupita,VE,2021-08-15 22:22:48,9.0622,-62.051,74.95,96,98,2.77
266,Srandakan,ID,2021-08-15 22:22:48,-7.9386,110.2506,74.26,92,20,7.25
267,Kushmurun,KZ,2021-08-15 22:22:48,52.4503,64.6311,67.6,44,23,0.6
268,Lasa,IT,2021-08-15 22:22:49,46.6166,10.7002,70.68,82,4,3.0
269,Hlinsko,CZ,2021-08-15 22:22:49,49.7621,15.9076,70.39,87,87,5.75
270,Buenos Aires,AR,2021-08-15 22:22:09,-34.6132,-58.3772,53.78,100,90,10.36
271,Melivoia,GR,2021-08-15 22:22:50,39.75,22.8,73.45,47,0,2.51
272,Ponta Do Sol,PT,2021-08-15 22:22:50,32.6667,-17.1,84.83,55,3,5.73
273,Kieta,PG,2021-08-15 22:22:50,-6.2167,155.6333,82.15,75,100,3.13
274,Namatanai,PG,2021-08-15 22:22:51,-3.6667,152.4333,81.34,77,69,5.48
275,Yenagoa,NG,2021-08-15 22:22:51,4.9247,6.2642,75.06,91,89,3.6
276,Necochea,AR,2021-08-15 22:18:08,-38.5473,-58.7368,48.04,62,100,8.72
277,Skjervoy,NO,2021-08-15 22:22:51,70.0311,20.9714,47.82,74,76,10.56
278,Atasu,KZ,2021-08-15 22:22:52,48.6814,71.6433,61.02,52,22,4.74
279,Yanam,IN,2021-08-15 22:22:52,16.7333,82.2167,75.58,96,100,7.83
280,Mirnyy,RU,2021-08-15 22:22:52,62.5353,113.9611,59.45,96,96,5.21
281,Qaqortoq,GL,2021-08-15 22:22:53,60.7167,-46.0333,52.3,97,100,10.31
282,Bayji,IQ,2021-08-15 22:22:53,34.9311,43.487,91.85,22,0,16.24
283,Benguela,AO,2021-08-15 22:22:53,-12.5763,13.4055,70.88,86,20,4.52
284,Xiuyan,CN,2021-08-15 22:22:54,40.2928,123.2744,67.33,96,98,1.54
285,Alexandria,EG,2021-08-15 22:22:54,31.2156,29.9553,80.56,74,0,4.61
286,Bushehr,IR,2021-08-15 22:22:55,28.9684,50.8385,93.92,60,10,6.69
287,Santo Anastacio,BR,2021-08-15 22:22:55,-21.8383,-51.6103,80.96,29,5,0.74
288,Coffs Harbour,AU,2021-08-15 22:19:58,-30.3,153.1333,57.16,82,90,5.75
289,Dosso,NE,2021-08-15 22:22:55,13.049,3.1937,81.25,73,88,9.48
290,Alugan,PH,2021-08-15 22:22:56,12.2188,125.4808,80.31,79,95,2.66
291,Broken Hill,AU,2021-08-15 22:22:56,-31.95,141.4333,45.57,69,0,8.52
292,Tutoia,BR,2021-08-15 22:22:56,-2.7619,-42.2744,79.27,80,10,9.35
293,Harper,LR,2021-08-15 22:22:57,4.375,-7.7169,76.08,72,27,8.95
294,Zhaotong,CN,2021-08-15 22:22:57,27.3167,103.7167,62.22,95,97,2.95
295,Vawkavysk,BY,2021-08-15 22:22:58,53.1561,24.4513,60.96,85,72,1.77
296,Byron Bay,AU,2021-08-15 22:22:58,-28.65,153.6167,67.05,66,15,4.68
297,Erzin,TR,2021-08-15 22:22:58,36.9559,36.2,81.32,70,0,1.32
298,Souillac,MU,2021-08-15 22:22:59,-20.5167,57.5167,68.38,73,40,12.66
299,Tokur,RU,2021-08-15 22:22:59,53.1333,132.9,58.26,82,87,2.51
300,Cochrane,CA,2021-08-15 22:18:56,51.1834,-114.4687,91.42,28,90,5.75
301,Northam,GB,2021-08-15 22:23:00,51.0333,-4.2167,62.38,90,76,15.88
302,Leopold,AU,2021-08-15 22:23:00,-38.1833,144.4667,53.56,88,90,11.99
303,Guarapuava,BR,2021-08-15 22:23:00,-25.3953,-51.4581,55.35,96,20,1.86
304,Tura,IN,2021-08-15 22:23:01,25.5198,90.2201,74.3,96,99,4.5
305,Puerto Colombia,CO,2021-08-15 22:23:01,10.9878,-74.9547,86.09,78,91,9.1
306,Aksarka,RU,2021-08-15 22:23:01,66.5606,67.7975,47.19,87,15,11.92
307,Kalmunai,LK,2021-08-15 22:23:02,7.4167,81.8167,79.84,74,100,4.09
308,Huarmey,PE,2021-08-15 22:23:02,-10.0681,-78.1522,65.88,76,33,11.16
309,Nishihara,JP,2021-08-15 22:23:02,26.1842,127.7558,81.68,95,40,4.61
310,Riyadh,SA,2021-08-15 22:19:12,24.6877,46.7219,91.54,17,6,8.12
311,Usinsk,RU,2021-08-15 22:23:03,65.9939,57.5281,55.87,86,99,15.88
312,Faya,SA,2021-08-15 22:23:03,18.3851,42.4509,69.91,61,100,4.07
313,Marzuq,YE,2021-08-15 22:23:04,14.4,46.4667,82.6,43,99,3.98
314,Garden City,US,2021-08-15 22:20:23,42.3256,-83.331,79.21,43,20,1.99
315,Ugoofaaru,MV,2021-08-15 22:23:04,5.6667,73.0,81.66,76,100,16.31
316,Emirdag,TR,2021-08-15 22:23:05,39.0197,31.15,62.06,53,0,1.57
317,Laranjeiras Do Sul,BR,2021-08-15 22:23:05,-25.4078,-52.4161,58.6,93,8,2.24
318,Bria,CF,2021-08-15 22:23:05,6.5423,21.9863,68.36,98,100,0.76
319,Nushki,PK,2021-08-15 22:23:06,29.5542,66.0215,81.46,18,0,5.7
320,Atbasar,KZ,2021-08-15 22:23:06,51.8,68.3333,64.58,44,22,4.94
321,Wajima,JP,2021-08-15 22:23:06,37.4,136.9,74.3,83,98,7.65
322,Walvis Bay,NA,2021-08-15 22:23:07,-22.9575,14.5053,54.09,100,22,1.14
323,Dzilam Gonzalez,MX,2021-08-15 22:23:07,21.2833,-88.9333,86.11,63,98,7.2
324,Tonota,BW,2021-08-15 22:23:07,-21.4833,27.4833,52.84,79,0,7.58
325,San Cristobal,VE,2021-08-15 22:23:08,7.7669,-72.225,80.78,87,43,4.7
326,Yerofey Pavlovich,RU,2021-08-15 22:23:08,53.9667,121.9667,58.84,77,6,2.26
327,Abilene,US,2021-08-15 22:23:08,32.4487,-99.7331,99.18,33,75,1.01
328,Tran,BG,2021-08-15 22:23:09,42.8353,22.6517,71.8,46,0,1.41
329,Mandan,US,2021-08-15 22:23:09,46.8267,-100.8896,102.04,32,1,14.97
330,Sitka,US,2021-08-15 22:23:09,57.0531,-135.33,53.49,87,90,4.61
331,Cuamba,MZ,2021-08-15 22:23:10,-14.8031,36.5372,65.68,69,92,8.9
332,Nelson Bay,AU,2021-08-15 22:23:11,-32.7167,152.15,58.75,63,0,1.99
333,Plettenberg Bay,ZA,2021-08-15 22:23:11,-34.0527,23.3716,58.06,61,0,4.94
334,Vardo,NO,2021-08-15 22:23:12,70.3705,31.1107,43.0,77,100,17.13
335,Port Lincoln,AU,2021-08-15 22:23:12,-34.7333,135.8667,55.54,66,100,10.04
336,Sapulpa,US,2021-08-15 22:19:43,35.9987,-96.1142,88.45,60,40,13.8
337,Port Moresby,PG,2021-08-15 22:20:53,-9.4431,147.1797,76.3,86,40,6.55
338,Marsh Harbour,BS,2021-08-15 22:23:13,26.5412,-77.0636,83.39,76,99,17.69
339,Koltubanovskiy,RU,2021-08-15 22:23:13,52.9407,52.0269,69.19,31,66,4.54
340,Abomey,BJ,2021-08-15 22:23:13,7.1829,1.9912,72.3,79,98,7.47
341,Gat,IL,2021-08-15 22:22:04,31.61,34.7642,81.28,69,0,3.49
342,Itarema,BR,2021-08-15 22:23:14,-2.9248,-39.9167,78.1,80,13,10.31
343,Emba,KZ,2021-08-15 22:23:14,48.8264,58.1442,74.26,22,7,7.31
344,Bone,DE,2021-08-15 22:23:14,51.9669,12.1396,68.67,70,99,4.32
345,Caraballeda,VE,2021-08-15 22:23:15,10.6112,-66.8522,84.27,74,100,5.75
346,Nanortalik,GL,2021-08-15 22:23:15,60.1432,-45.2371,48.52,97,100,11.54
347,Ruteng,ID,2021-08-15 22:23:15,-8.6136,120.4721,58.42,79,11,1.45
348,Bonavista,CA,2021-08-15 22:23:16,48.6499,-53.1147,77.0,90,71,14.14
349,Urucara,BR,2021-08-15 22:23:16,-2.5364,-57.76,80.42,77,97,2.71
350,Taraz,KZ,2021-08-15 22:23:17,42.9,71.3667,57.61,51,0,6.71
351,Matagami,CA,2021-08-15 22:23:17,49.7502,-77.6328,73.51,40,1,11.5
352,Talnakh,RU,2021-08-15 22:23:17,69.4865,88.3972,54.88,97,99,12.12
353,Marshall,US,2021-08-15 22:23:18,34.3834,-86.3333,86.31,67,1,4.61
354,Beirut,LB,2021-08-15 22:19:13,33.8889,35.4944,83.14,54,0,3.44
355,Ashington,GB,2021-08-15 22:23:18,50.9331,-0.3909,63.82,73,99,7.0
356,Kinshasa,CD,2021-08-15 22:22:40,-4.3246,15.3215,80.98,65,20,10.36
357,Tommot,RU,2021-08-15 22:23:19,58.9564,126.2925,66.34,74,22,2.77
358,Cururupu,BR,2021-08-15 22:23:19,-1.8283,-44.8683,74.57,94,37,4.79
359,Tambun,ID,2021-08-15 22:23:19,-6.2641,107.0712,76.89,88,100,0.0
360,College,US,2021-08-15 22:21:44,64.8569,-147.8028,51.78,92,90,6.91
361,Ostrovnoy,RU,2021-08-15 22:23:20,68.0531,39.5131,53.8,98,100,6.71
362,Aguimes,ES,2021-08-15 22:23:20,27.9054,-15.4461,81.23,45,0,17.27
363,Hay River,CA,2021-08-15 22:23:20,60.8156,-115.7999,58.98,82,90,8.05
364,Boden,SE,2021-08-15 22:23:21,65.8252,21.6886,57.2,90,96,8.48
365,Omboue,GA,2021-08-15 22:23:21,-1.5746,9.2618,75.38,85,89,7.11
366,Ossora,RU,2021-08-15 22:23:21,59.2353,163.0719,58.78,82,36,5.41
367,Ucluelet,CA,2021-08-15 22:20:07,48.9329,-125.5528,88.05,80,43,7.36
368,Pouembout,NC,2021-08-15 22:23:22,-21.1333,164.9,72.05,57,52,7.38
369,Millerovo,RU,2021-08-15 22:23:22,48.9226,40.3967,71.2,73,100,2.57
370,Edd,ER,2021-08-15 22:23:23,13.9297,41.6925,89.28,72,98,14.14
371,Poum,NC,2021-08-15 22:23:23,-20.2333,164.0167,71.82,65,97,21.5
372,Kattivakkam,IN,2021-08-15 22:23:23,13.2167,80.3167,82.49,74,100,13.96
373,Palekh,RU,2021-08-15 22:23:24,56.8028,41.8572,62.2,71,30,7.63
374,Constantine,DZ,2021-08-15 22:23:24,36.365,6.6147,81.81,36,0,2.3
375,Ko Samui,TH,2021-08-15 22:21:04,9.5357,99.9357,79.32,80,100,4.34
376,Kapit,MY,2021-08-15 22:23:24,2.0167,112.9333,73.08,100,99,0.22
377,Hurricane,US,2021-08-15 22:23:25,37.1753,-113.2899,104.7,18,7,12.55
378,Khovu-Aksy,RU,2021-08-15 22:23:25,51.1333,93.6,52.72,95,100,1.39
379,Taoudenni,ML,2021-08-15 22:23:25,22.6783,-3.9836,103.78,9,82,6.98
380,Skelleftea,SE,2021-08-15 22:23:26,64.7507,20.9528,55.0,69,75,4.61
381,Bengkulu,ID,2021-08-15 22:23:26,-3.8004,102.2655,74.28,88,72,3.22
382,Kyzyl-Mazhalyk,RU,2021-08-15 22:23:26,51.1333,90.6,52.75,88,51,1.88
383,Izberbash,RU,2021-08-15 22:23:27,42.5696,47.8645,71.65,65,4,6.98
384,Nichinan,JP,2021-08-15 22:23:27,31.6,131.3667,77.95,92,100,3.33
385,Guilin,CN,2021-08-15 22:23:27,25.2819,110.2864,77.11,97,97,0.4
386,Veraval,IN,2021-08-15 22:23:28,20.9,70.3667,80.74,81,100,12.17
387,Sedlcany,CZ,2021-08-15 22:23:28,49.6606,14.4266,71.4,83,81,4.03
388,Cidreira,BR,2021-08-15 22:23:28,-30.1811,-50.2056,57.81,95,51,4.74
389,Isangel,VU,2021-08-15 22:23:29,-19.55,169.2667,75.31,94,40,5.75
390,Vestmannaeyjar,IS,2021-08-15 22:23:29,63.4427,-20.2734,54.0,90,100,11.25
391,Visnes,NO,2021-08-15 22:23:29,59.3556,5.2242,54.57,100,75,6.91
392,Kushima,JP,2021-08-15 22:23:30,31.4583,131.2333,78.31,91,99,4.47
393,Chifeng,CN,2021-08-15 22:23:30,42.2683,118.9636,63.41,96,100,1.61
394,Yuancheng,CN,2021-08-15 22:23:30,36.652,107.7896,61.59,94,95,5.95
395,Chenghai,CN,2021-08-15 22:23:31,23.4632,116.768,76.91,94,0,2.24
396,Saint Anthony,US,2021-08-15 22:23:31,45.0205,-93.218,87.94,36,1,4.0
397,Aurillac,FR,2021-08-15 22:23:31,44.9167,2.45,64.65,85,7,2.8
398,Bandarbeyla,SO,2021-08-15 22:23:32,9.4942,50.8122,78.01,75,88,26.96
399,Fandriana,MG,2021-08-15 22:23:32,-20.2333,47.3833,47.59,83,94,3.2
400,Abha,SA,2021-08-15 22:23:32,18.2164,42.5053,69.62,88,100,0.0
401,Boda,CF,2021-08-15 22:23:33,4.3189,17.4695,71.24,92,99,1.88
402,Kudahuvadhoo,MV,2021-08-15 22:23:33,2.6708,72.8944,82.2,72,79,15.37
403,San Carlos De Bariloche,AR,2021-08-15 22:21:16,-41.1456,-71.3082,42.55,75,75,18.41
404,Annau,TM,2021-08-15 22:23:34,37.8876,58.516,69.3,24,0,2.3
405,Gambissara,SN,2021-08-15 22:23:34,13.2382,-14.3108,74.66,92,100,7.27
406,Keita,NE,2021-08-15 22:23:34,14.7551,5.7749,82.4,66,89,5.66
407,Palivere,EE,2021-08-15 22:23:35,58.9664,23.8911,62.73,78,46,10.2
408,San Pedro,PH,2021-08-15 22:23:35,14.35,121.0167,78.35,89,92,2.89
409,San Andres,CO,2021-08-15 22:23:35,12.5847,-81.7006,86.02,70,20,8.05
410,Caravelas,BR,2021-08-15 22:23:35,-17.7125,-39.2481,70.02,81,0,5.21
411,Hoi An,VN,2021-08-15 22:23:36,15.8794,108.335,80.56,87,83,6.62
412,Maple Creek,CA,2021-08-15 22:23:36,49.9168,-109.4848,88.29,26,39,11.5
413,Listvyanka,RU,2021-08-15 22:23:36,51.8535,104.8693,60.3,99,100,3.13
414,Moron,AR,2021-08-15 22:23:20,-34.6534,-58.6198,53.8,91,0,1.99
415,Palmerston,AU,2021-08-15 22:23:37,-12.486,130.9833,73.89,95,1,3.44
416,Inuvik,CA,2021-08-15 22:23:37,68.3499,-133.7218,58.06,51,90,3.44
417,Mingyue,CN,2021-08-15 22:23:38,43.1069,128.9217,59.45,99,99,2.46
418,Mantua,IT,2021-08-15 22:23:38,45.1667,10.7833,83.01,77,0,1.01
419,Kocevje,SI,2021-08-15 22:23:38,45.6433,14.8633,74.32,59,0,3.42
420,Imola,IT,2021-08-15 22:23:39,44.3523,11.7158,85.82,44,0,10.45
421,Becerril,CO,2021-08-15 22:23:39,9.7041,-73.2793,88.61,58,16,0.69
422,Novichikha,RU,2021-08-15 22:21:18,52.204,81.3877,55.06,88,34,3.67
423,Baft,IR,2021-08-15 22:23:40,29.234,56.6057,73.96,30,45,8.55
424,Beloha,MG,2021-08-15 22:23:40,-25.1667,45.05,61.21,72,9,11.77
425,Beaverlodge,CA,2021-08-15 22:23:40,55.2166,-119.4361,72.75,32,100,23.62
426,Bozoum,CF,2021-08-15 22:23:41,6.3193,16.3799,68.68,95,100,3.31
427,Polovinnoye,RU,2021-08-15 22:23:41,54.7914,65.9864,67.32,58,76,6.49
428,Meybod,IR,2021-08-15 22:23:42,32.2501,54.0166,87.82,13,4,4.52
429,Choya,RU,2021-08-15 22:23:42,52.0108,86.5467,50.67,97,20,2.95
430,Hindaun,IN,2021-08-15 22:23:42,26.7167,77.0167,84.63,66,100,9.24
431,Acarau,BR,2021-08-15 22:23:43,-2.8856,-40.12,78.08,80,14,11.05
432,Touros,BR,2021-08-15 22:23:43,-5.1989,-35.4608,77.9,78,37,18.52
433,Strezhevoy,RU,2021-08-15 22:23:43,60.7333,77.5889,53.58,87,22,6.44
434,Tobermory,CA,2021-08-15 22:23:44,45.2501,-81.6665,71.31,62,4,12.15
435,Bemidji,US,2021-08-15 22:23:44,47.4736,-94.8803,94.14,35,40,12.66
436,Coquimbo,CL,2021-08-15 22:19:38,-29.9533,-71.3436,53.33,76,20,6.91
437,Taltal,CL,2021-08-15 22:23:44,-25.4,-70.4833,59.31,75,33,7.99
438,Sinnamary,GF,2021-08-15 22:23:45,5.3833,-52.95,75.6,85,96,9.33
439,Auki,SB,2021-08-15 22:23:45,-8.7676,160.7034,81.0,78,79,4.23
440,Fairlie,GB,2021-08-15 22:23:45,55.756,-4.8556,57.22,86,60,4.0
441,Saint-Georges,GD,2021-08-15 22:23:46,12.0564,-61.7485,76.68,94,40,5.75
442,Logon,PH,2021-08-15 22:23:46,11.3303,124.1146,81.25,79,84,4.03
443,Karratha,AU,2021-08-15 22:23:47,-20.7377,116.8463,72.28,57,87,15.32
444,Digha,IN,2021-08-15 22:23:47,21.6833,87.55,83.03,84,81,4.76
445,Piacabucu,BR,2021-08-15 22:23:47,-10.4056,-36.4344,72.43,79,59,8.25
446,Ambon,ID,2021-08-15 22:23:48,-3.6954,128.1814,75.34,100,40,4.61
447,Goundam,ML,2021-08-15 22:23:48,16.4145,-3.6708,92.84,39,54,13.06
448,Hongjiang,CN,2021-08-15 22:23:48,27.11,109.9956,72.55,98,99,1.1
449,Sotnikovo,RU,2021-08-15 22:23:49,51.8845,107.4791,60.89,94,20,6.71
450,Evensk,RU,2021-08-15 22:23:49,61.95,159.2333,56.17,68,43,3.87
451,Enid,US,2021-08-15 22:23:50,36.3956,-97.8784,95.02,45,75,3.0
452,Tautira,PF,2021-08-15 22:23:50,-17.7333,-149.15,84.22,79,17,9.44
453,Camalu,MX,2021-08-15 22:23:50,30.85,-116.0667,82.42,70,16,9.69
454,Ewa Beach,US,2021-08-15 22:23:51,21.3156,-158.0072,89.55,46,20,11.5
455,Podor,MR,2021-08-15 22:23:51,16.6527,-14.9587,85.95,74,0,0.0
456,Syasstroy,RU,2021-08-15 22:23:51,60.1367,32.5691,56.17,90,28,14.52
457,Serebryansk,KZ,2021-08-15 22:23:52,49.6925,83.2892,53.15,92,6,3.24
458,La Rioja,ES,2021-08-15 22:23:52,42.25,-2.5,65.05,94,0,4.16
459,Vostok,RU,2021-08-15 22:23:53,46.4856,135.8833,58.77,89,84,1.68
460,Simpang,ID,2021-08-15 22:23:53,-1.2667,104.0833,72.93,99,90,2.51
461,Piranshahr,IR,2021-08-15 22:23:53,36.701,45.1413,70.02,45,2,6.78
462,Vagur,FO,2021-08-15 22:23:54,61.4732,-6.8119,49.23,70,46,4.81
463,Finschhafen,PG,2021-08-15 22:23:54,-6.6024,147.8681,79.16,83,98,6.31
464,Ternate,ID,2021-08-15 22:23:54,0.8,127.4,79.41,78,21,3.69
465,Split,HR,2021-08-15 22:23:55,43.5089,16.4392,78.85,57,0,2.3
466,Sisimiut,GL,2021-08-15 22:23:55,66.9395,-53.6735,47.61,86,60,7.72
467,Somers,US,2021-08-15 22:23:55,42.6403,-87.9104,81.55,40,1,10.36
468,Rodrigues Alves,BR,2021-08-15 22:23:56,-7.738,-72.6509,89.8,38,37,1.01
469,Pizarro,CO,2021-08-15 22:23:56,4.9533,-77.366,80.11,81,91,7.96
470,Ixtapa,MX,2021-08-15 22:23:56,20.7,-105.2,87.22,70,20,9.22
471,Colesberg,ZA,2021-08-15 22:23:57,-30.72,25.0972,48.65,70,1,5.64
472,Umm Kaddadah,SD,2021-08-15 22:23:57,13.6017,26.6876,84.06,51,90,9.4
473,Grand-Santi,GF,2021-08-15 22:23:57,4.25,-54.3833,73.87,98,91,4.61
474,Servia,GR,2021-08-15 22:23:58,40.1797,21.9944,72.37,56,0,3.44
475,Natal,BR,2021-08-15 22:23:06,-5.795,-35.2094,77.65,78,20,13.8
476,Bowen,AU,2021-08-15 22:23:58,-20.0167,148.2333,67.84,82,92,13.11
477,Athabasca,CA,2021-08-15 22:23:46,54.7169,-113.2854,80.42,42,100,6.64
478,Biskamzha,RU,2021-08-15 22:23:59,53.4497,89.5272,50.83,99,34,0.4
479,Puerto Cabezas,NI,2021-08-15 22:23:59,14.0351,-83.3888,85.96,79,20,9.22
480,Kandrian,PG,2021-08-15 22:24:00,-6.2167,149.55,78.75,88,96,9.84
481,Norman Wells,CA,2021-08-15 22:24:00,65.282,-126.8329,57.24,82,90,0.0
482,Krasnoarmeysk,RU,2021-08-15 22:24:00,51.0239,45.6969,75.29,34,91,5.57
483,Moranbah,AU,2021-08-15 22:24:01,-22.0016,148.0466,61.09,81,9,11.9
484,Luderitz,NA,2021-08-15 22:24:01,-26.6481,15.1594,56.88,70,1,8.37
485,Rockhampton,AU,2021-08-15 22:24:01,-23.3833,150.5,64.29,82,1,6.91
486,Wasilla,US,2021-08-15 22:24:02,61.5814,-149.4394,64.53,54,1,4.61
487,Gornopravdinsk,RU,2021-08-15 22:24:02,60.05,69.9,55.98,78,35,2.62
488,Kutum,SD,2021-08-15 22:24:02,14.2,24.6667,77.5,58,82,3.96
489,Ganzhou,CN,2021-08-15 22:24:03,28.8184,115.4327,75.29,98,100,1.48
490,Carnot,CF,2021-08-15 22:24:03,4.9409,15.8665,69.44,95,86,1.39
491,Lyubytino,RU,2021-08-15 22:24:03,58.8122,33.3922,54.95,98,47,7.2
492,Takoradi,GH,2021-08-15 22:24:04,4.8845,-1.7554,75.36,82,38,8.3
493,Miri,MY,2021-08-15 22:24:04,4.4148,114.0089,77.14,94,40,2.3
494,Hualmay,PE,2021-08-15 22:24:05,-11.0964,-77.6139,64.58,76,43,11.07
495,Kathu,TH,2021-08-15 22:24:05,7.9178,98.3332,75.02,82,100,5.73
496,Colomi,BO,2021-08-15 22:24:05,-17.35,-65.8667,66.22,74,20,8.25
497,Salalah,OM,2021-08-15 22:24:06,17.0151,54.0924,77.09,94,90,3.44
498,Carutapera,BR,2021-08-15 22:24:06,-1.195,-46.02,75.22,93,52,7.63
499,Wattegama,LK,2021-08-15 22:24:06,6.7989,81.4808,76.68,75,100,1.97
500,Teruel,ES,2021-08-15 22:24:07,40.6667,-0.6667,75.16,46,34,1.19
501,Urusha,RU,2021-08-15 22:24:07,54.05,122.9,59.14,76,5,1.36
502,Torit,SS,2021-08-15 22:24:08,4.4133,32.5678,68.32,92,57,3.15
503,Dali,CN,2021-08-15 22:24:08,25.7,100.1833,63.45,97,99,2.82
504,Santo Tomas,PH,2021-08-15 22:24:08,14.1079,121.1414,77.58,89,71,1.74
505,Dryden,CA,2021-08-15 22:24:09,49.7833,-92.7503,88.09,48,20,13.8
506,Umm Lajj,SA,2021-08-15 22:24:09,25.0213,37.2685,88.65,50,1,7.96
507,Port Hedland,AU,2021-08-15 22:24:09,-20.3167,118.5667,64.45,52,5,6.91
508,Saint Marys,US,2021-08-15 22:24:09,30.7305,-81.5465,86.25,72,1,9.22
509,Dandong,CN,2021-08-15 22:24:10,40.1292,124.3947,68.85,90,100,2.42
510,Muros,ES,2021-08-15 22:24:10,42.7762,-9.0603,64.99,79,0,11.23
511,Talcahuano,CL,2021-08-15 22:24:11,-36.7167,-73.1167,49.68,100,90,20.71
512,Coxim,BR,2021-08-15 22:24:11,-18.5067,-54.76,84.97,24,0,3.83
513,Praia,CV,2021-08-15 22:24:11,14.9215,-23.5087,79.34,83,75,13.8
514,La Union,PE,2021-08-15 22:24:12,-5.4,-80.75,75.92,49,82,15.99
515,Ambilobe,MG,2021-08-15 22:24:12,-13.2,49.05,69.44,77,25,3.53
516,Katsuura,JP,2021-08-15 22:24:12,35.1333,140.3,68.11,93,100,14.09
517,Baia De Arama,RO,2021-08-15 22:24:13,45.0,22.8067,71.91,49,21,4.5
518,Douentza,ML,2021-08-15 22:24:13,14.9951,-2.9517,86.29,53,18,9.71
519,Baykit,RU,2021-08-15 22:24:14,61.67,96.37,53.56,93,85,1.03
520,Tabou,CI,2021-08-15 22:24:14,4.423,-7.3528,76.12,74,23,8.59
521,Qena,EG,2021-08-15 22:24:14,26.1615,32.7183,87.91,19,0,8.66
522,Bereda,ES,2021-08-15 22:24:15,43.2686,-7.5406,60.55,93,10,3.94
523,Zanesville,US,2021-08-15 22:24:15,39.9404,-82.0132,76.6,76,75,1.99
524,Makakilo City,US,2021-08-15 22:24:15,21.3469,-158.0858,88.12,46,20,11.5
525,Sterling,US,2021-08-15 22:24:16,39.0062,-77.4286,82.27,66,75,5.75
526,Atakpame,TG,2021-08-15 22:24:16,7.5333,1.1333,70.02,90,97,4.0
527,Nazilli,TR,2021-08-15 22:24:16,37.9163,28.3223,73.71,36,0,4.23
528,Klyuchi,RU,2021-08-15 22:24:17,52.2667,79.1667,59.2,72,52,2.82
529,Acajutla,SV,2021-08-15 22:24:17,13.5928,-89.8275,97.14,74,100,5.5
530,Bukachacha,RU,2021-08-15 22:24:17,52.9833,116.9167,57.47,89,4,0.13
531,Vilcun,CL,2021-08-15 22:24:18,-38.65,-72.2333,45.34,92,100,13.56
532,Salinopolis,BR,2021-08-15 22:24:18,-0.6136,-47.3561,78.4,84,44,8.46
533,Estelle,US,2021-08-15 22:24:18,29.8458,-90.1067,91.4,63,75,11.5
534,Karacakoy,TR,2021-08-15 22:24:19,41.4029,28.3834,76.68,66,0,7.52
535,Puerto Del Rosario,ES,2021-08-15 22:24:19,28.5004,-13.8627,82.15,51,0,10.36
536,Itupiranga,BR,2021-08-15 22:24:19,-5.1347,-49.3267,84.52,39,50,1.28
537,Koraput,IN,2021-08-15 22:24:20,18.8167,82.7167,69.46,98,100,3.62
538,San Borja,BO,2021-08-15 22:24:20,-14.8167,-66.85,83.93,40,19,3.33
539,Sosua,DO,2021-08-15 22:24:20,19.7667,-70.5167,88.52,84,40,11.5
540,Winfield,US,2021-08-15 22:24:21,37.2398,-96.9956,89.78,54,1,4.61
541,Port Hardy,CA,2021-08-15 22:24:21,50.6996,-127.4199,62.78,94,90,4.61
542,Kamariotissa,GR,2021-08-15 22:24:21,40.4833,25.4667,77.05,54,0,15.57
543,Kirakira,SB,2021-08-15 22:24:22,-10.4544,161.9205,80.51,83,89,12.24
544,Birjand,IR,2021-08-15 22:24:22,32.8663,59.2211,68.47,15,0,13.8
545,Sao Filipe,CV,2021-08-15 22:24:22,14.8961,-24.4956,77.13,84,96,2.89
546,Vao,NC,2021-08-15 22:24:23,-22.6667,167.4833,68.79,60,91,19.8
547,Nizhniy Kuranakh,RU,2021-08-15 22:24:23,58.8353,125.4869,65.97,73,20,3.87
548,Mbini,GQ,2021-08-15 22:24:24,1.574,9.6134,77.85,85,99,6.17
549,Iralaya,HN,2021-08-15 22:24:24,15.0,-83.2333,87.89,68,33,6.96
550,Vila Franca Do Campo,PT,2021-08-15 22:24:24,37.7167,-25.4333,73.81,92,32,8.19
551,Dubti,ET,2021-08-15 22:24:25,11.7361,41.0853,90.82,38,90,11.63
552,Khorixas,NA,2021-08-15 22:24:25,-20.3667,14.9667,61.34,47,0,2.46
553,Salina,US,2021-08-15 22:22:30,38.8403,-97.6114,85.24,39,22,9.98
554,Port Said,EG,2021-08-15 22:24:25,31.2565,32.2841,82.38,83,0,10.36
555,Alice Springs,AU,2021-08-15 22:19:58,-23.7,133.8833,40.55,48,0,0.0
556,Halifax,CA,2021-08-15 22:23:52,44.6453,-63.5724,77.49,49,1,1.99
557,Leh,IN,2021-08-15 22:24:26,34.1667,77.5833,50.34,58,16,6.2
558,Acapulco,MX,2021-08-15 22:24:26,16.8634,-99.8901,87.62,74,90,4.61
559,Kununurra,AU,2021-08-15 22:24:27,-15.7667,128.7333,71.58,37,73,4.61
560,Allapalli,IN,2021-08-15 22:24:27,19.4167,80.0667,75.67,96,100,6.04
561,Batsfjord,NO,2021-08-15 22:24:27,70.6345,29.7185,43.02,81,100,12.15
562,San Pablo De Borbur,CO,2021-08-15 22:24:28,5.6603,-74.0621,82.2,84,80,2.3
563,Shakawe,BW,2021-08-15 22:24:28,-18.3667,21.85,61.65,33,0,6.62
564,Bay Roberts,CA,2021-08-15 22:24:28,47.5999,-53.2648,75.51,85,36,4.0
565,Kuruman,ZA,2021-08-15 22:24:29,-27.4524,23.4325,54.0,57,0,10.96
566,Monroe,US,2021-08-15 22:21:24,43.1501,-77.6831,74.53,58,75,10.36
567,Duluth,US,2021-08-15 22:23:31,46.7833,-92.1066,88.92,30,1,8.99
568,Sharya,RU,2021-08-15 22:24:29,58.3686,45.5144,59.16,71,44,6.26
569,Puerto Narino,CO,2021-08-15 22:24:30,-3.7703,-70.3831,80.55,65,99,1.21
570,Beidao,CN,2021-08-15 22:24:30,34.5686,105.8933,68.13,80,100,3.98
571,Richards Bay,ZA,2021-08-15 22:24:30,-28.783,32.0377,61.48,84,13,5.41
572,Anadyr,RU,2021-08-15 22:24:31,64.75,177.4833,52.3,66,0,15.66
573,Enterprise,US,2021-08-15 22:24:31,36.0252,-115.2419,107.38,19,20,3.0
574,Sao Felix Do Xingu,BR,2021-08-15 22:24:31,-6.6447,-51.995,83.62,29,14,2.44
